{
  "ESL_SC2":{
    "users":{
      "display_name":"ESL_SC2",
      "_id":30220059,
      "name":"esl_sc2",
      "type":"user",
      "bio":"For standings, schedule, and results, visit http://www.intelextrememasters.com/",
      "created_at":"2012-05-02T09:59:20Z",
      "updated_at":"2016-10-09T15:04:40Z",
      "logo":"https://static-cdn.jtvnw.net/jtv_user_pictures/esl_sc2-profile_image-d6db9488cec97125-300x300.jpeg",
      "_links":{
        "self":"https://api.twitch.tv/kraken/users/esl_sc2"
      }
    },
    "streams":{
      "stream":{
        "_id":23366709968,
        "game":"StarCraft II",
        "viewers":286,
        "created_at":"2016-10-09T09:25:02Z",
        "video_height":720,
        "average_fps":50,
        "delay":0,
        "is_playlist":false,
        "_links":{
          "self":"https://api.twitch.tv/kraken/streams/esl_sc2"
        },
        "preview":{
          "small":"https://static-cdn.jtvnw.net/previews-ttv/live_user_esl_sc2-80x45.jpg",
          "medium":"https://static-cdn.jtvnw.net/previews-ttv/live_user_esl_sc2-320x180.jpg",
          "large":"https://static-cdn.jtvnw.net/previews-ttv/live_user_esl_sc2-640x360.jpg",
          "template":"https://static-cdn.jtvnw.net/previews-ttv/live_user_esl_sc2-{width}x{height}.jpg"
        },
        "channel":{
          "mature":false,
          "status":"RERUN: StarCraft 2 - Terminator vs. Parting (PvP) - IEM Katowice 2015 - EU Qualifier",
          "broadcaster_language":"en",
          "display_name":"ESL_SC2",
          "game":"StarCraft II",
          "language":"en",
          "_id":30220059,
          "name":"esl_sc2",
          "created_at":"2012-05-02T09:59:20Z",
          "updated_at":"2016-10-09T15:04:40Z",
          "delay":null,
          "logo":"https://static-cdn.jtvnw.net/jtv_user_pictures/esl_sc2-profile_image-d6db9488cec97125-300x300.jpeg",
          "banner":null,
          "video_banner":"https://static-cdn.jtvnw.net/jtv_user_pictures/esl_sc2-channel_offline_image-5a8657f8393c9d85-1920x1080.jpeg",
          "background":null,
          "profile_banner":"https://static-cdn.jtvnw.net/jtv_user_pictures/esl_sc2-profile_banner-f8295b33d1846e75-480.jpeg",
          "profile_banner_background_color":"#050506",
          "partner":true,
          "url":"https://www.twitch.tv/esl_sc2",
          "views":60984838,
          "followers":135399,
          "_links":{
            "self":"http://api.twitch.tv/kraken/channels/esl_sc2",
            "follows":"http://api.twitch.tv/kraken/channels/esl_sc2/follows",
            "commercial":"http://api.twitch.tv/kraken/channels/esl_sc2/commercial",
            "stream_key":"http://api.twitch.tv/kraken/channels/esl_sc2/stream_key",
            "chat":"http://api.twitch.tv/kraken/chat/esl_sc2",
            "subscriptions":"http://api.twitch.tv/kraken/channels/esl_sc2/subscriptions",
            "editors":"http://api.twitch.tv/kraken/channels/esl_sc2/editors",
            "teams":"http://api.twitch.tv/kraken/channels/esl_sc2/teams",
            "videos":"http://api.twitch.tv/kraken/channels/esl_sc2/videos"
          }
        }
      },
      "_links":{
        "self":"https://api.twitch.tv/kraken/streams/ESL_SC2",
        "channel":"https://api.twitch.tv/kraken/channels/ESL_SC2"
      }
    }
  },
  "OgamingSC2":{
    "users":{
      "display_name":"OgamingSC2",
      "_id":71852806,
      "name":"ogamingsc2",
      "type":"user",
      "bio":"",
      "created_at":"2014-09-24T15:06:58Z",
      "updated_at":"2016-10-09T15:00:35Z",
      "logo":"https://static-cdn.jtvnw.net/jtv_user_pictures/ogamingsc2-profile_image-9021dccf9399929e-300x300.jpeg",
      "_links":{
        "self":"https://api.twitch.tv/kraken/users/ogamingsc2"
      }
    },
    "streams":{
      "stream":{
        "_id":23368266064,
        "game":"StarCraft II",
        "viewers":1579,
        "created_at":"2016-10-09T14:06:43Z",
        "video_height":720,
        "average_fps":60.487804878,
        "delay":0,
        "is_playlist":false,
        "_links":{
          "self":"https://api.twitch.tv/kraken/streams/ogamingsc2"
        },
        "preview":{
          "small":"https://static-cdn.jtvnw.net/previews-ttv/live_user_ogamingsc2-80x45.jpg",
          "medium":"https://static-cdn.jtvnw.net/previews-ttv/live_user_ogamingsc2-320x180.jpg",
          "large":"https://static-cdn.jtvnw.net/previews-ttv/live_user_ogamingsc2-640x360.jpg",
          "template":"https://static-cdn.jtvnw.net/previews-ttv/live_user_ogamingsc2-{width}x{height}.jpg"
        },
        "channel":{
          "mature":false,
          "status":"WESG - Nerchio vs Beastyqt - Finals.",
          "broadcaster_language":"fr",
          "display_name":"OgamingSC2",
          "game":"StarCraft II",
          "language":"fr",
          "_id":71852806,
          "name":"ogamingsc2",
          "created_at":"2014-09-24T15:06:58Z",
          "updated_at":"2016-10-09T15:00:35Z",
          "delay":null,
          "logo":"https://static-cdn.jtvnw.net/jtv_user_pictures/ogamingsc2-profile_image-9021dccf9399929e-300x300.jpeg",
          "banner":null,
          "video_banner":"https://static-cdn.jtvnw.net/jtv_user_pictures/ogamingsc2-channel_offline_image-1570cf4930177aa3-1920x1080.jpeg",
          "background":null,
          "profile_banner":"https://static-cdn.jtvnw.net/jtv_user_pictures/ogamingsc2-profile_banner-d418aed2c0ef7d35-480.jpeg",
          "profile_banner_background_color":null,
          "partner":true,
          "url":"https://www.twitch.tv/ogamingsc2",
          "views":20667053,
          "followers":40877,
          "_links":{
            "self":"http://api.twitch.tv/kraken/channels/ogamingsc2",
            "follows":"http://api.twitch.tv/kraken/channels/ogamingsc2/follows",
            "commercial":"http://api.twitch.tv/kraken/channels/ogamingsc2/commercial",
            "stream_key":"http://api.twitch.tv/kraken/channels/ogamingsc2/stream_key",
            "chat":"http://api.twitch.tv/kraken/chat/ogamingsc2",
            "subscriptions":"http://api.twitch.tv/kraken/channels/ogamingsc2/subscriptions",
            "editors":"http://api.twitch.tv/kraken/channels/ogamingsc2/editors",
            "teams":"http://api.twitch.tv/kraken/channels/ogamingsc2/teams",
            "videos":"http://api.twitch.tv/kraken/channels/ogamingsc2/videos"
          }
        }
      },
      "_links":{
        "self":"https://api.twitch.tv/kraken/streams/OgamingSC2",
        "channel":"https://api.twitch.tv/kraken/channels/OgamingSC2"
      }
    }
  },
  "cretetion":{
    "streams":{
      "stream":null,
      "_links":{
        "self":"https://api.twitch.tv/kraken/streams/cretetion",
        "channel":"https://api.twitch.tv/kraken/channels/cretetion"
      }
    },
    "users":{
      "display_name":"cretetion",
      "_id":90401618,
      "name":"cretetion",
      "type":"user",
      "bio":"I am a retired Police Officer. I believe in the Thin Blue Line. I support Law Enforcement, Firefighters, and EMS. I am a Sheep Dog and I am part of a Pack. I want you to join my Pack. We can fight the Evil in the world together.",
      "created_at":"2015-05-06T15:57:39Z",
      "updated_at":"2016-10-09T08:01:03Z",
      "logo":"https://static-cdn.jtvnw.net/jtv_user_pictures/cretetion-profile_image-12bae34d9765f222-300x300.jpeg",
      "_links":{
        "self":"https://api.twitch.tv/kraken/users/cretetion"
      }
    }
  },
  "freecodecamp":{
    "streams":{
      "stream":null,
      "_links":{
        "self":"https://api.twitch.tv/kraken/streams/freecodecamp",
        "channel":"https://api.twitch.tv/kraken/channels/freecodecamp"
      }
    },
    "users":{
      "display_name":"FreeCodeCamp",
      "_id":79776140,
      "name":"freecodecamp",
      "type":"user",
      "bio":"We help you learn to code, then practice by building projects for nonprofits. Learn Full-stack JavaScript, build a portfolio, and get a coding job by joining our open source community at https://freecodecamp.com",
      "created_at":"2015-01-14T03:36:47Z",
      "updated_at":"2016-10-09T15:02:10Z",
      "logo":"https://static-cdn.jtvnw.net/jtv_user_pictures/freecodecamp-profile_image-d9514f2df0962329-300x300.png",
      "_links":{
        "self":"https://api.twitch.tv/kraken/users/freecodecamp"
      }
    }
  },
  "storbeck":{
    "streams":{
      "stream":null,
      "_links":{
        "self":"https://api.twitch.tv/kraken/streams/storbeck",
        "channel":"https://api.twitch.tv/kraken/channels/storbeck"
      }
    },
    "users":{
      "display_name":"storbeck",
      "_id":86238744,
      "name":"storbeck",
      "type":"user",
      "bio":null,
      "created_at":"2015-03-25T02:23:40Z",
      "updated_at":"2016-10-09T09:30:32Z",
      "logo":"https://static-cdn.jtvnw.net/jtv_user_pictures/storbeck-profile_image-7ab13c2f781b601d-300x300.jpeg",
      "_links":{
        "self":"https://api.twitch.tv/kraken/users/storbeck"
      }
    }
  },
  "habathcx":{
    "streams":{
      "stream":null,
      "_links":{
        "self":"https://api.twitch.tv/kraken/streams/habathcx",
        "channel":"https://api.twitch.tv/kraken/channels/habathcx"
      }
    },
    "users":{
      "display_name":"Habathcx",
      "_id":6726509,
      "name":"habathcx",
      "type":"user",
      "bio":"League of Legends, Music, Nerd Stuff, Chat.. blah blah blah",
      "created_at":"2009-06-07T15:04:54Z",
      "updated_at":"2016-10-08T05:00:55Z",
      "logo":"https://static-cdn.jtvnw.net/jtv_user_pictures/habathcx-profile_image-d75385dbe4f42a66-300x300.jpeg",
      "_links":{
        "self":"https://api.twitch.tv/kraken/users/habathcx"
      }
    }
  },
  "RobotCaleb":{
    "streams":{
      "stream":null,
      "_links":{
        "self":"https://api.twitch.tv/kraken/streams/RobotCaleb",
        "channel":"https://api.twitch.tv/kraken/channels/RobotCaleb"
      }
    },
    "users":{
      "display_name":"RobotCaleb",
      "_id":54925078,
      "name":"robotcaleb",
      "type":"user",
      "bio":null,
      "created_at":"2014-01-13T04:07:33Z",
      "updated_at":"2016-10-08T14:31:44Z",
      "logo":"https://static-cdn.jtvnw.net/jtv_user_pictures/robotcaleb-profile_image-9422645f2f0f093c-300x300.png",
      "_links":{
        "self":"https://api.twitch.tv/kraken/users/robotcaleb"
      }
    }
  },
  "noobs2ninjas":{
    "streams":{
      "stream":null,
      "_links":{
        "self":"https://api.twitch.tv/kraken/streams/noobs2ninjas",
        "channel":"https://api.twitch.tv/kraken/channels/noobs2ninjas"
      }
    },
    "users":{
      "display_name":"noobs2ninjas",
      "_id":82534701,
      "name":"noobs2ninjas",
      "type":"user",
      "bio":"Live Programming my face off while hanging out with some of the most kick ass programmers on the planet.",
      "created_at":"2015-02-13T08:13:10Z",
      "updated_at":"2016-10-09T13:30:53Z",
      "logo":"https://static-cdn.jtvnw.net/jtv_user_pictures/noobs2ninjas-profile_image-34707f847a73d934-300x300.png",
      "_links":{
        "self":"https://api.twitch.tv/kraken/users/noobs2ninjas"
      }
    }
  }
}
